X_COORD,Y_COORD
32.56745,-25.966213
